{
    "sources": {
        "-1003293030713": {
            "series_name": "Naruto Shippuden",
            "image_msg_id": 236,
            "invite_link": "https://t.me/+eQMBJGymgbg2OTE1",
            "episodes": {}
        },
        "-1001476234331": {
            "series_name": "Dragon Ball",
            "image_msg_id": 27,
            "invite_link": "https://t.me/+eQMBJGymgbg2OTE1",
            "enabled": true,
            "episodes": {
                "19": {
                    "posted": true,
                    "480p": true,
                    "720p": true,
                    "1080p": true
                }
            }
        }
    }
}